{
    "name": "root",
    "metadata": {
        "timer_format_version": "0.1.0",
        "start_time_seconds": "1650738007",
        "python_version": "3.7.9 (tags/v3.7.9:13c94747c7, Aug 17 2020, 18:58:18) [MSC v.1900 64 bit (AMD64)]",
        "command_line_arguments": "C:\\Users\\jesus\\Desktop\\TFG\\Proyecto\\Experimento_Redes_Neuronales\\venv\\Scripts\\mlagents-learn --initialize-from Test5 --run-id EntrenamientoAgente --time-scale 1",
        "mlagents_version": "0.20.0",
        "mlagents_envs_version": "0.20.0",
        "communication_protocol_version": "1.1.0",
        "tensorflow_version": "2.7.1",
        "numpy_version": "1.18.5",
        "end_time_seconds": "1650738119"
    },
    "total": 111.5867492,
    "count": 1,
    "self": 0.010197699999991983,
    "children": {
        "run_training.setup": {
            "total": 0.019911500000000082,
            "count": 1,
            "self": 0.019911500000000082
        },
        "TrainerController.start_learning": {
            "total": 111.55664,
            "count": 1,
            "self": 0.17263499999972964,
            "children": {
                "TrainerController._reset_env": {
                    "total": 14.431318000000001,
                    "count": 1,
                    "self": 14.431318000000001
                },
                "TrainerController.advance": {
                    "total": 96.13133030000027,
                    "count": 5236,
                    "self": 0.08667710000057127,
                    "children": {
                        "env_step": {
                            "total": 96.0446531999997,
                            "count": 5236,
                            "self": 66.44613439999956,
                            "children": {
                                "SubprocessEnvManager._take_step": {
                                    "total": 29.520229700000062,
                                    "count": 5236,
                                    "self": 0.1607370000004913,
                                    "children": {
                                        "TFPolicy.evaluate": {
                                            "total": 29.35949269999957,
                                            "count": 5236,
                                            "self": 29.35949269999957
                                        }
                                    }
                                },
                                "workers": {
                                    "total": 0.07828910000007383,
                                    "count": 5235,
                                    "self": 0.0,
                                    "children": {
                                        "worker_root": {
                                            "total": 98.80455629999952,
                                            "count": 5235,
                                            "is_parallel": true,
                                            "self": 37.64435520000011,
                                            "children": {
                                                "steps_from_proto": {
                                                    "total": 0.0004230999999990104,
                                                    "count": 1,
                                                    "is_parallel": true,
                                                    "self": 0.00018470000000014863,
                                                    "children": {
                                                        "_process_vector_observation": {
                                                            "total": 0.00023839999999886174,
                                                            "count": 2,
                                                            "is_parallel": true,
                                                            "self": 0.00023839999999886174
                                                        }
                                                    }
                                                },
                                                "UnityEnvironment.step": {
                                                    "total": 61.159777999999406,
                                                    "count": 5235,
                                                    "is_parallel": true,
                                                    "self": 0.5085100999990289,
                                                    "children": {
                                                        "UnityEnvironment._generate_step_input": {
                                                            "total": 0.36450559999983234,
                                                            "count": 5235,
                                                            "is_parallel": true,
                                                            "self": 0.36450559999983234
                                                        },
                                                        "communicator.exchange": {
                                                            "total": 58.79507160000047,
                                                            "count": 5235,
                                                            "is_parallel": true,
                                                            "self": 58.79507160000047
                                                        },
                                                        "steps_from_proto": {
                                                            "total": 1.491690700000074,
                                                            "count": 5235,
                                                            "is_parallel": true,
                                                            "self": 0.9083414000001415,
                                                            "children": {
                                                                "_process_vector_observation": {
                                                                    "total": 0.5833492999999326,
                                                                    "count": 10470,
                                                                    "is_parallel": true,
                                                                    "self": 0.5833492999999326
                                                                }
                                                            }
                                                        }
                                                    }
                                                }
                                            }
                                        }
                                    }
                                }
                            }
                        }
                    }
                },
                "trainer_threads": {
                    "total": 2.849999999909869e-05,
                    "count": 1,
                    "self": 2.849999999909869e-05,
                    "children": {
                        "thread_root": {
                            "total": 0.0,
                            "count": 0,
                            "is_parallel": true,
                            "self": 0.0,
                            "children": {
                                "trainer_advance": {
                                    "total": 96.1146178999993,
                                    "count": 6358,
                                    "is_parallel": true,
                                    "self": 0.371421099999651,
                                    "children": {
                                        "process_trajectory": {
                                            "total": 95.74319679999965,
                                            "count": 6358,