{
    "name": "root",
    "gauges": {
        "AgentActions.Policy.Entropy.mean": {
            "value": 6.494839668273926,
            "min": 6.494839668273926,
            "max": 6.570477485656738,
            "count": 3
        },
        "AgentActions.Policy.ExtrinsicValueEstimate.mean": {
            "value": 0.7268003225326538,
            "min": 0.17368647456169128,
            "max": 0.9812073707580566,
            "count": 3
        },
        "AgentActions.Losses.ValueLoss.mean": {
            "value": 3.3168845176696777,
            "min": 1.2103681564331055,
            "max": 12.417884826660156,
            "count": 3
        },
        "AgentActions.Losses.PolicyLoss.mean": {
            "value": 0.24552883207798004,
            "min": 0.24552883207798004,
            "max": 0.25906845927238464,
            "count": 3
        },
        "AgentActions.Policy.LearningRate.mean": {
            "value": 0.00029848955455236137,
            "min": 0.00029848955455236137,
            "max": 0.0002996806870214641,
            "count": 3
        },
        "AgentActions.Policy.Epsilon.mean": {
            "value": 0.19949652254581451,
            "min": 0.19949652254581451,
            "max": 0.1998935490846634,
            "count": 3
        },
        "AgentActions.Policy.Beta.mean": {
            "value": 0.0009950156090781093,
            "min": 0.0009950156090781093,
            "max": 0.0009989460231736302,
            "count": 3
        },
        "AgentActions.Environment.EpisodeLength.mean": {
            "value": 166.0,
            "min": 137.33333333333334,
            "max": 166.5,
            "count": 3
        },
        "AgentActions.Environment.CumulativeReward.mean": {
            "value": -2.8333333333333335,
            "min": -3.0,
            "max": -0.5714285714285714,
            "count": 3
        },
        "AgentActions.Policy.ExtrinsicReward.mean": {
            "value": -2.8333333333333335,
            "min": -3.0,
            "max": -0.5714285714285714,
            "count": 3
        },
        "AgentActions.IsTraining.mean": {
            "value": 1.0,
            "min": 1.0,
            "max": 1.0,
            "count": 3
        }
    },
    "metadata": {
        "timer_format_version": "0.1.0",
        "start_time_seconds": "1650842591",
        "python_version": "3.7.9 (tags/v3.7.9:13c94747c7, Aug 17 2020, 18:58:18) [MSC v.1900 64 bit (AMD64)]",
        "command_line_arguments": "C:\\Users\\jesus\\Desktop\\TFG\\Proyecto\\Experimento_Redes_Neuronales\\venv\\Scripts\\mlagents-learn config/AgentActions.yaml --run-id Test23",
        "mlagents_version": "0.20.0",
        "mlagents_envs_version": "0.20.0",
        "communication_protocol_version": "1.1.0",
        "tensorflow_version": "2.8.0",
        "numpy_version": "1.21.6",
        "end_time_seconds": "1650842657"
    },
    "total": 66.23544319999999,
    "count": 1,
    "self": 0.006688699999983783,
    "children": {
        "run_training.setup": {
            "total": 0.010288800000000098,
            "count": 1,
            "self": 0.010288800000000098
        },
        "TrainerController.start_learning": {
            "total": 66.21846570000001,
            "count": 1,
            "self": 0.6478459000000214,
            "children": {
                "TrainerController._reset_env": {
                    "total": 14.824018400000002,
                    "count": 1,
                    "self": 14.824018400000002
                },
                "TrainerController.advance": {
                    "total": 49.957965399999985,
                    "count": 3226,
                    "self": 0.05717000000010586,
                    "children": {
                        "env_step": {
                            "total": 49.90079539999988,
                            "count": 3226,
                            "self": 27.453920599999954,
                            "children": {
                                "SubprocessEnvManager._take_step": {
                                    "total": 22.395352700000007,
                                    "count": 3226,
                                    "self": 0.1068954999997267,
                                    "children": {
                                        "TFPolicy.evaluate": {
                                            "total": 22.28845720000028,
                                            "count": 3207,
                                            "self": 22.28845720000028
                                        }
                                    }
                                },
                                "workers": {
                                    "total": 0.05152209999991797,
                                    "count": 3225,
                                    "self": 0.0,
                                    "children": {
                                        "worker_root": {
                                            "total": 52.545047900000036,
                                            "count": 3225,
                                            "is_parallel": true,
                                            "self": 28.576592400000052,
                                            "children": {
                                                "steps_from_proto": {
                                                    "total": 0.0003884000000002885,
                                                    "count": 1,
                                                    "is_parallel": true,
                                                    "self": 0.00023490000000059297,
                                                    "children": {
                                                        "_process_vector_observation": {
                                                            "total": 0.00015349999999969555,
                                                            "count": 2,
                                                            "is_parallel": true,
                                                            "self": 0.00015349999999969555
                                                        }
                                                    }
                                                },
                                                "UnityEnvironment.step": {
                                                    "total": 23.96806709999998,
                                                    "count": 3225,
                                                    "is_parallel": true,
                                                    "self": 0.30621209999982923,
                                                    "children": {
                                                        "UnityEnvironment._generate_step_input": {
                                                            "total": 0.22868080000016633,
                                                            "count": 3225,
                                                            "is_parallel": true,
                                                            "self": 0.22868080000016633
                                                        },
                                                        "communicator.exchange": {
                                                            "total": 22.382999000000034,
                                                            "count": 3225,
                                                            "is_parallel": true,
                                                            "self": 22.382999000000034
                                                        },
                                                        "steps_from_proto": {
                                                            "total": 1.0501751999999502,
                                                            "count": 3225,