{
    "name": "root",
    "gauges": {
        "AgentActions.Policy.Entropy.mean": {
            "value": 4.490041732788086,
            "min": 4.490041732788086,
            "max": 4.490041732788086,
            "count": 1
        },
        "AgentActions.Policy.ExtrinsicValueEstimate.mean": {
            "value": -0.1828940212726593,
            "min": -0.1828940212726593,
            "max": -0.1828940212726593,
            "count": 1
        },
        "AgentActions.Losses.ValueLoss.mean": {
            "value": 0.03292343020439148,
            "min": 0.03292343020439148,
            "max": 0.03292343020439148,
            "count": 1
        },
        "AgentActions.Losses.PolicyLoss.mean": {
            "value": 0.2553010880947113,
            "min": 0.2553010880947113,
            "max": 0.2553010880947113,
            "count": 1
        },
        "AgentActions.Policy.LearningRate.mean": {
            "value": 0.00029969282331876457,
            "min": 0.00029969282331876457,
            "max": 0.00029969282331876457,
            "count": 1
        },
        "AgentActions.Policy.Epsilon.mean": {
            "value": 0.19989760220050812,
            "min": 0.19989760220050812,
            "max": 0.19989760220050812,
            "count": 1
        },
        "AgentActions.Policy.Beta.mean": {
            "value": 0.0009989861864596605,
            "min": 0.0009989861864596605,
            "max": 0.0009989861864596605,
            "count": 1
        },
        "AgentActions.IsTraining.mean": {
            "value": 1.0,
            "min": 1.0,
            "max": 1.0,
            "count": 1
        }
    },
    "metadata": {
        "timer_format_version": "0.1.0",
        "start_time_seconds": "1650962774",
        "python_version": "3.7.9 (tags/v3.7.9:13c94747c7, Aug 17 2020, 18:58:18) [MSC v.1900 64 bit (AMD64)]",
        "command_line_arguments": "C:\\Users\\jesus\\Desktop\\TFG\\Proyecto\\Experimento_Redes_Neuronales\\venv\\Scripts\\mlagents-learn config/AgentActions.yaml --run-id Test27 --time-scale 1",
        "mlagents_version": "0.20.0",
        "mlagents_envs_version": "0.20.0",
        "communication_protocol_version": "1.1.0",
        "tensorflow_version": "2.8.0",
        "numpy_version": "1.21.6",
        "end_time_seconds": "1650962834"
    },
    "total": 59.8960363,
    "count": 1,
    "self": 0.011687800000004245,
    "children": {
        "run_training.setup": {
            "total": 0.028271900000000016,
            "count": 1,
            "self": 0.028271900000000016
        },
        "TrainerController.start_learning": {
            "total": 59.856076599999994,
            "count": 1,
            "self": 0.06223859999976611,
            "children": {
                "TrainerController._reset_env": {
                    "total": 14.344673699999998,
                    "count": 1,
                    "self": 14.344673699999998
                },
                "TrainerController.advance": {
                    "total": 44.678874400000225,
                    "count": 1633,
                    "self": 0.026434800000259884,
                    "children": {
                        "env_step": {
                            "total": 44.652439599999965,
                            "count": 1633,
                            "self": 34.257957499999904,
                            "children": {
                                "SubprocessEnvManager._take_step": {
                                    "total": 10.370948100000028,
                                    "count": 1633,
                                    "self": 0.04944870000019108,
                                    "children": {
                                        "TFPolicy.evaluate": {
                                            "total": 10.321499399999837,
                                            "count": 1632,
                                            "self": 10.321499399999837
                                        }
                                    }
                                },
                                "workers": {
                                    "total": 0.02353400000002992,
                                    "count": 1632,
                                    "self": 0.0,
                                    "children": {
                                        "worker_root": {
                                            "total": 47.26421289999994,
                                            "count": 1632,
                                            "is_parallel": true,
                                            "self": 14.711842299999965,
                                            "children": {
                                                "steps_from_proto": {
                                                    "total": 0.00039829999999874133,
                                                    "count": 1,
                                                    "is_parallel": true,
                                                    "self": 0.00023709999999788067,
                                                    "children": {
                                                        "_process_vector_observation": {
                                                            "total": 0.00016120000000086065,
                                                            "count": 2,
                                                            "is_parallel": true,
                                                            "self": 0.00016120000000086065
                                                        }
                                                    }
                                                },
                                                "UnityEnvironment.step": {
                                                    "total": 32.551972299999974,
                                                    "count": 1632,
                                                    "is_parallel": true,
                                                    "self": 0.1620139000000762,
                                                    "children": {
                                                        "UnityEnvironment._generate_step_input": {
                                                            "total": 0.1119859000000023,
                                                            "count": 1632,
                                                            "is_parallel": true,
                                                            "self": 0.1119859000000023
                                                        },
                                                        "communicator.exchange": {
                                                            "total": 31.743838299999943,
                                                            "count": 1632,
                                                            "is_parallel": true,
                                                            "self": 31.743838299999943
                                                        },
                                                        "steps_from_proto": {
                                                            "total": 0.5341341999999507,
                                                            "count": 1632,
                                                            "is_parallel": true,
                                                            "self": 0.349795599999986,
                                                            "children": {
                                                                "_process_vector_observation": {
                                                                    "total": 0.18433859999996471,
                                                                    "count": 3264,
                                                                    "is_parallel": true,