{
    "name": "root",
    "metadata": {
        "timer_format_version": "0.1.0",
        "start_time_seconds": "1650704290",
        "python_version": "3.7.9 (tags/v3.7.9:13c94747c7, Aug 17 2020, 18:58:18) [MSC v.1900 64 bit (AMD64)]",
        "command_line_arguments": "C:\\Users\\jesus\\Desktop\\TFG\\Proyecto\\Experimento_Redes_Neuronales\\venv\\Scripts\\mlagents-learn --run-id Test1",
        "mlagents_version": "0.20.0",
        "mlagents_envs_version": "0.20.0",
        "communication_protocol_version": "1.1.0",
        "tensorflow_version": "2.7.1",
        "numpy_version": "1.18.5",
        "end_time_seconds": "1650704351"
    },
    "total": 60.782353199999996,
    "count": 1,
    "self": 0.004386999999994146,
    "children": {
        "run_training.setup": {
            "total": 0.0175137000000003,
            "count": 1,
            "self": 0.0175137000000003
        },
        "TrainerController.start_learning": {
            "total": 60.7604525,
            "count": 1,
            "self": 0.13813260000031846,
            "children": {
                "TrainerController._reset_env": {
                    "total": 15.0405401,
                    "count": 1,
                    "self": 15.0405401
                },
                "TrainerController.advance": {
                    "total": 45.16881969999967,
                    "count": 4661,
                    "self": 0.07124599999949766,
                    "children": {
                        "env_step": {
                            "total": 45.097573700000176,
                            "count": 4661,
                            "self": 29.695566100000658,
                            "children": {
                                "SubprocessEnvManager._take_step": {
                                    "total": 15.33633269999983,
                                    "count": 4661,
                                    "self": 0.12483249999954893,
                                    "children": {
                                        "TFPolicy.evaluate": {
                                            "total": 15.21150020000028,
                                            "count": 4661,
                                            "self": 15.21150020000028
                                        }
                                    }
                                },
                                "workers": {
                                    "total": 0.06567489999968856,
                                    "count": 4660,
                                    "self": 0.0,
                                    "children": {
                                        "worker_root": {
                                            "total": 46.70815410000016,
                                            "count": 4660,
                                            "is_parallel": true,
                                            "self": 21.27428800000022,
                                            "children": {
                                                "steps_from_proto": {
                                                    "total": 0.0004259999999991493,
                                                    "count": 1,
                                                    "is_parallel": true,
                                                    "self": 0.00018169999999884112,
                                                    "children": {
                                                        "_process_vector_observation": {
                                                            "total": 0.00024430000000030816,
                                                            "count": 2,
                                                            "is_parallel": true,
                                                            "self": 0.00024430000000030816
                                                        }
                                                    }
                                                },
                                                "UnityEnvironment.step": {
                                                    "total": 25.43344009999994,
                                                    "count": 4660,
                                                    "is_parallel": true,
                                                    "self": 0.398978900000337,
                                                    "children": {
                                                        "UnityEnvironment._generate_step_input": {
                                                            "total": 0.30667169999967037,
                                                            "count": 4660,
                                                            "is_parallel": true,
                                                            "self": 0.30667169999967037
                                                        },
                                                        "communicator.exchange": {
                                                            "total": 23.599011599999933,
                                                            "count": 4660,
                                                            "is_parallel": true,
                                                            "self": 23.599011599999933
                                                        },
                                                        "steps_from_proto": {
                                                            "total": 1.1287779000000047,
                                                            "count": 4660,
                                                            "is_parallel": true,
                                                            "self": 0.6899207000002523,
                                                            "children": {
                                                                "_process_vector_observation": {
                                                                    "total": 0.43885719999975237,
                                                                    "count": 9320,
                                                                    "is_parallel": true,
                                                                    "self": 0.43885719999975237
                                                                }
                                                            }
                                                        }
                                                    }
                                                }
                                            }
                                        }
                                    }
                                }
                            }
                        }
                    }
                },
                "trainer_threads": {
                    "total": 3.859999999633601e-05,
                    "count": 1,
                    "self": 3.859999999633601e-05,
                    "children": {
                        "thread_root": {
                            "total": 0.0,
                            "count": 0,
                            "is_parallel": true,
                            "self": 0.0,
                            "children": {
                                "trainer_advance": {
                                    "total": 45.234886599999804,
                                    "count": 3006,
                                    "is_parallel": true,
                                    "self": 0.14339929999987788,
                                    "children": {
                                        "process_trajectory": {
                                            "total": 45.091487299999926,
                                            "count": 3006,