{
    "name": "root",
    "metadata": {
        "timer_format_version": "0.1.0",
        "start_time_seconds": "1650794068",
        "python_version": "3.7.9 (tags/v3.7.9:13c94747c7, Aug 17 2020, 18:58:18) [MSC v.1900 64 bit (AMD64)]",
        "command_line_arguments": "C:\\Users\\jesus\\Desktop\\TFG\\Proyecto\\Experimento_Redes_Neuronales\\venv\\Scripts\\mlagents-learn --run-id Test10",
        "mlagents_version": "0.20.0",
        "mlagents_envs_version": "0.20.0",
        "communication_protocol_version": "1.1.0",
        "tensorflow_version": "2.8.0",
        "numpy_version": "1.21.6",
        "end_time_seconds": "1650794132"
    },
    "total": 64.3351921,
    "count": 1,
    "self": 0.004130899999992721,
    "children": {
        "run_training.setup": {
            "total": 0.009561000000000153,
            "count": 1,
            "self": 0.009561000000000153
        },
        "TrainerController.start_learning": {
            "total": 64.3215002,
            "count": 1,
            "self": 0.16022599999973863,
            "children": {
                "TrainerController._reset_env": {
                    "total": 12.7770239,
                    "count": 1,
                    "self": 12.7770239
                },
                "TrainerController.advance": {
                    "total": 50.66537390000027,
                    "count": 5617,
                    "self": 0.07785540000038793,
                    "children": {
                        "env_step": {
                            "total": 50.58751849999988,
                            "count": 5617,
                            "self": 22.683228999999535,
                            "children": {
                                "SubprocessEnvManager._take_step": {
                                    "total": 27.832989000000133,
                                    "count": 5617,
                                    "self": 0.14742650000037116,
                                    "children": {
                                        "TFPolicy.evaluate": {
                                            "total": 27.68556249999976,
                                            "count": 5617,
                                            "self": 27.68556249999976
                                        }
                                    }
                                },
                                "workers": {
                                    "total": 0.07130050000021271,
                                    "count": 5616,
                                    "self": 0.0,
                                    "children": {
                                        "worker_root": {
                                            "total": 53.187484800000085,
                                            "count": 5616,
                                            "is_parallel": true,
                                            "self": 35.38087350000019,
                                            "children": {
                                                "steps_from_proto": {
                                                    "total": 0.00040530000000060795,
                                                    "count": 1,
                                                    "is_parallel": true,
                                                    "self": 0.0002439000000009628,
                                                    "children": {
                                                        "_process_vector_observation": {
                                                            "total": 0.00016139999999964516,
                                                            "count": 2,
                                                            "is_parallel": true,
                                                            "self": 0.00016139999999964516
                                                        }
                                                    }
                                                },
                                                "UnityEnvironment.step": {
                                                    "total": 17.806205999999897,
                                                    "count": 5616,
                                                    "is_parallel": true,
                                                    "self": 0.4395942999997011,
                                                    "children": {
                                                        "UnityEnvironment._generate_step_input": {
                                                            "total": 0.3410697000001566,
                                                            "count": 5616,
                                                            "is_parallel": true,
                                                            "self": 0.3410697000001566
                                                        },
                                                        "communicator.exchange": {
                                                            "total": 15.492064500000202,
                                                            "count": 5616,
                                                            "is_parallel": true,
                                                            "self": 15.492064500000202
                                                        },
                                                        "steps_from_proto": {
                                                            "total": 1.5334774999998366,
                                                            "count": 5616,
                                                            "is_parallel": true,
                                                            "self": 1.0364575000001714,
                                                            "children": {
                                                                "_process_vector_observation": {
                                                                    "total": 0.4970199999996652,
                                                                    "count": 11232,
                                                                    "is_parallel": true,
                                                                    "self": 0.4970199999996652
                                                                }
                                                            }
                                                        }
                                                    }
                                                }
                                            }
                                        }
                                    }
                                }
                            }
                        }
                    }
                },
                "trainer_threads": {
                    "total": 1.9199999996999395e-05,
                    "count": 1,
                    "self": 1.9199999996999395e-05,
                    "children": {
                        "thread_root": {
                            "total": 0.0,
                            "count": 0,
                            "is_parallel": true,
                            "self": 0.0,
                            "children": {
                                "trainer_advance": {
                                    "total": 50.75618800000015,
                                    "count": 3564,
                                    "is_parallel": true,
                                    "self": 0.15981819999994684,
                                    "children": {
                                        "process_trajectory": {
                                            "total": 50.596369800000204,
                                            "count": 3564,