{
    "name": "root",
    "metadata": {
        "timer_format_version": "0.1.0",
        "start_time_seconds": "1650738782",
        "python_version": "3.7.9 (tags/v3.7.9:13c94747c7, Aug 17 2020, 18:58:18) [MSC v.1900 64 bit (AMD64)]",
        "command_line_arguments": "C:\\Users\\jesus\\Desktop\\TFG\\Proyecto\\Experimento_Redes_Neuronales\\venv\\Scripts\\mlagents-learn config/AgentActions.yaml --initialize-from Test5 --force --time-scale 1",
        "mlagents_version": "0.20.0",
        "mlagents_envs_version": "0.20.0",
        "communication_protocol_version": "1.1.0",
        "tensorflow_version": "2.7.1",
        "numpy_version": "1.18.5",
        "end_time_seconds": "1650738816"
    },
    "total": 33.9593563,
    "count": 1,
    "self": 0.005016699999998764,
    "children": {
        "run_training.setup": {
            "total": 0.011743599999999965,
            "count": 1,
            "self": 0.011743599999999965
        },
        "TrainerController.start_learning": {
            "total": 33.942596,
            "count": 1,
            "self": 0.03953920000007116,
            "children": {
                "TrainerController._reset_env": {
                    "total": 14.527341999999997,
                    "count": 1,
                    "self": 14.527341999999997
                },
                "TrainerController.advance": {
                    "total": 18.612016699999938,
                    "count": 938,
                    "self": 0.014957599999817717,
                    "children": {
                        "env_step": {
                            "total": 18.59705910000012,
                            "count": 938,
                            "self": 12.712763100000142,
                            "children": {
                                "SubprocessEnvManager._take_step": {
                                    "total": 5.87051040000004,
                                    "count": 938,
                                    "self": 0.02773149999999447,
                                    "children": {
                                        "TFPolicy.evaluate": {
                                            "total": 5.842778900000045,
                                            "count": 938,
                                            "self": 5.842778900000045
                                        }
                                    }
                                },
                                "workers": {
                                    "total": 0.013785599999938114,
                                    "count": 937,
                                    "self": 0.0,
                                    "children": {
                                        "worker_root": {
                                            "total": 21.445070700000045,
                                            "count": 937,
                                            "is_parallel": true,
                                            "self": 9.6780928000001,
                                            "children": {
                                                "steps_from_proto": {
                                                    "total": 0.0004205999999999932,
                                                    "count": 1,
                                                    "is_parallel": true,
                                                    "self": 0.00018950000000117484,
                                                    "children": {
                                                        "_process_vector_observation": {
                                                            "total": 0.00023109999999881836,
                                                            "count": 2,
                                                            "is_parallel": true,
                                                            "self": 0.00023109999999881836
                                                        }
                                                    }
                                                },
                                                "UnityEnvironment.step": {
                                                    "total": 11.766557299999945,
                                                    "count": 937,
                                                    "is_parallel": true,
                                                    "self": 0.09099139999987749,
                                                    "children": {
                                                        "UnityEnvironment._generate_step_input": {
                                                            "total": 0.06493900000008601,
                                                            "count": 937,
                                                            "is_parallel": true,
                                                            "self": 0.06493900000008601
                                                        },
                                                        "communicator.exchange": {
                                                            "total": 11.347695400000028,
                                                            "count": 937,
                                                            "is_parallel": true,
                                                            "self": 11.347695400000028
                                                        },
                                                        "steps_from_proto": {
                                                            "total": 0.26293149999995435,
                                                            "count": 937,
                                                            "is_parallel": true,
                                                            "self": 0.15976599999992835,
                                                            "children": {
                                                                "_process_vector_observation": {
                                                                    "total": 0.103165500000026,
                                                                    "count": 1874,
                                                                    "is_parallel": true,
                                                                    "self": 0.103165500000026
                                                                }
                                                            }
                                                        }
                                                    }
                                                }
                                            }
                                        }
                                    }
                                }
                            }
                        }
                    }
                },
                "trainer_threads": {
                    "total": 6.640000000146529e-05,
                    "count": 1,
                    "self": 6.640000000146529e-05,
                    "children": {
                        "thread_root": {
                            "total": 0.0,
                            "count": 0,
                            "is_parallel": true,
                            "self": 0.0,
                            "children": {
                                "trainer_advance": {
                                    "total": 18.616633199999985,
                                    "count": 1227,
                                    "is_parallel": true,
                                    "self": 0.06639449999986624,
                                    "children": {
                                        "process_trajectory": {
                                            "total": 18.55023870000012,
                                            "count": 1227,