{
    "name": "root",
    "metadata": {
        "timer_format_version": "0.1.0",
        "start_time_seconds": "1650965099",
        "python_version": "3.7.9 (tags/v3.7.9:13c94747c7, Aug 17 2020, 18:58:18) [MSC v.1900 64 bit (AMD64)]",
        "command_line_arguments": "C:\\Users\\jesus\\Desktop\\TFG\\Proyecto\\Experimento_Redes_Neuronales\\venv\\Scripts\\mlagents-learn config/AgentActions.yaml --run-id Test28 --time-scale 1",
        "mlagents_version": "0.20.0",
        "mlagents_envs_version": "0.20.0",
        "communication_protocol_version": "1.1.0",
        "tensorflow_version": "2.8.0",
        "numpy_version": "1.21.6",
        "end_time_seconds": "1650965173"
    },
    "total": 74.3997646,
    "count": 1,
    "self": 0.004939499999991881,
    "children": {
        "run_training.setup": {
            "total": 0.010863299999999576,
            "count": 1,
            "self": 0.010863299999999576
        },
        "TrainerController.start_learning": {
            "total": 74.38396180000001,
            "count": 1,
            "self": 0.0002588000000116608,
            "children": {
                "TrainerController._reset_env": {
                    "total": 13.0127988,
                    "count": 1,
                    "self": 13.0127988
                },
                "TrainerController.advance": {
                    "total": 60.550713699999996,
                    "count": 1,
                    "self": 2.289999999760539e-05,
                    "children": {
                        "env_step": {
                            "total": 60.5506908,
                            "count": 1,
                            "self": 60.0154691,
                            "children": {
                                "SubprocessEnvManager._take_step": {
                                    "total": 0.535221700000001,
                                    "count": 1,
                                    "self": 4.7899999998435305e-05,
                                    "children": {
                                        "TFPolicy.evaluate": {
                                            "total": 0.5351738000000026,
                                            "count": 1,
                                            "self": 0.5351738000000026
                                        }
                                    }
                                }
                            }
                        }
                    }
                },
                "TrainerController._save_models": {
                    "total": 0.8201904999999954,
                    "count": 1,
                    "self": 0.006015000000004989,
                    "children": {
                        "RLTrainer._checkpoint": {
                            "total": 0.8141754999999904,
                            "count": 1,
                            "self": 0.8141754999999904
                        }
                    }
                }
            }
        }
    }
}