{
    "name": "root",
    "metadata": {
        "timer_format_version": "0.1.0",
        "start_time_seconds": "1650966365",
        "python_version": "3.7.9 (tags/v3.7.9:13c94747c7, Aug 17 2020, 18:58:18) [MSC v.1900 64 bit (AMD64)]",
        "command_line_arguments": "C:\\Users\\jesus\\Desktop\\TFG\\Proyecto\\Experimento_Redes_Neuronales\\venv\\Scripts\\mlagents-learn config/AgentActions.yaml --run-id Test33 --time-scale 1",
        "mlagents_version": "0.20.0",
        "mlagents_envs_version": "0.20.0",
        "communication_protocol_version": "1.1.0",
        "tensorflow_version": "2.8.0",
        "numpy_version": "1.21.6",
        "end_time_seconds": "1650966398"
    },
    "total": 32.8350575,
    "count": 1,
    "self": 0.011598299999995731,
    "children": {
        "run_training.setup": {
            "total": 0.010430299999999448,
            "count": 1,
            "self": 0.010430299999999448
        },
        "TrainerController.start_learning": {
            "total": 32.813028900000006,
            "count": 1,
            "self": 0.30503210000014036,
            "children": {
                "TrainerController._reset_env": {
                    "total": 14.730957300000002,
                    "count": 1,
                    "self": 14.730957300000002
                },
                "TrainerController.advance": {
                    "total": 17.027736499999875,
                    "count": 952,
                    "self": 0.01506679999987881,
                    "children": {
                        "env_step": {
                            "total": 17.012669699999996,
                            "count": 952,
                            "self": 10.013217799999943,
                            "children": {
                                "SubprocessEnvManager._take_step": {
                                    "total": 6.986108100000035,
                                    "count": 952,
                                    "self": 0.030387400000012832,
                                    "children": {
                                        "TFPolicy.evaluate": {
                                            "total": 6.955720700000022,
                                            "count": 952,
                                            "self": 6.955720700000022
                                        }
                                    }
                                },
                                "workers": {
                                    "total": 0.013343800000019002,
                                    "count": 951,
                                    "self": 0.0,
                                    "children": {
                                        "worker_root": {
                                            "total": 19.87113100000002,
                                            "count": 951,
                                            "is_parallel": true,
                                            "self": 10.85153439999997,
                                            "children": {
                                                "steps_from_proto": {
                                                    "total": 0.00038690000000052294,
                                                    "count": 1,
                                                    "is_parallel": true,
                                                    "self": 0.0002335999999996119,
                                                    "children": {
                                                        "_process_vector_observation": {
                                                            "total": 0.00015330000000091104,
                                                            "count": 2,
                                                            "is_parallel": true,
                                                            "self": 0.00015330000000091104
                                                        }
                                                    }
                                                },
                                                "UnityEnvironment.step": {
                                                    "total": 9.019209700000049,
                                                    "count": 951,
                                                    "is_parallel": true,
                                                    "self": 0.08827189999998097,
                                                    "children": {
                                                        "UnityEnvironment._generate_step_input": {
                                                            "total": 0.06389450000006391,
                                                            "count": 951,
                                                            "is_parallel": true,
                                                            "self": 0.06389450000006391
                                                        },
                                                        "communicator.exchange": {
                                                            "total": 8.574993200000018,
                                                            "count": 951,
                                                            "is_parallel": true,
                                                            "self": 8.574993200000018
                                                        },
                                                        "steps_from_proto": {
                                                            "total": 0.29205009999998666,
                                                            "count": 951,
                                                            "is_parallel": true,
                                                            "self": 0.19098629999986194,
                                                            "children": {
                                                                "_process_vector_observation": {
                                                                    "total": 0.10106380000012471,
                                                                    "count": 1902,
                                                                    "is_parallel": true,
                                                                    "self": 0.10106380000012471
                                                                }
                                                            }
                                                        }
                                                    }
                                                }
                                            }
                                        }
                                    }
                                }
                            }
                        }
                    }
                },
                "trainer_threads": {
                    "total": 1.9099999995830785e-05,
                    "count": 1,
                    "self": 1.9099999995830785e-05,
                    "children": {
                        "thread_root": {
                            "total": 0.0,
                            "count": 0,
                            "is_parallel": true,
                            "self": 0.0,
                            "children": {
                                "trainer_advance": {
                                    "total": 17.312482100000068,
                                    "count": 708,
                                    "is_parallel": true,
                                    "self": 0.04135539999999338,
                                    "children": {
                                        "process_trajectory": {
                                            "total": 10.72409870000007,
                                            "count": 708,